<?xml version="1.0" encoding="UTF-8"?>
<project-private xmlns="http://www.netbeans.org/ns/project-private/1">
    <editor-bookmarks xmlns="http://www.netbeans.org/ns/editor-bookmarks/2" lastBookmarkId="0"/>
    <open-files xmlns="http://www.netbeans.org/ns/projectui-open-files/2">
        <group>
            <file>file:/Users/joyce00/Documents/MSIS/Fall%202018/INFSCI%202560%20Web%20Technologies%20&amp;%20Standards/Inclass%20activity/20181022/DerbyWeb/src/java/lynn/listCourse.java</file>
            <file>file:/Users/joyce00/Documents/MSIS/Fall%202018/INFSCI%202560%20Web%20Technologies%20&amp;%20Standards/Inclass%20activity/20181022/DerbyWeb/src/java/lynn/listbean.java</file>
            <file>file:/Users/joyce00/Documents/MSIS/Fall%202018/INFSCI%202560%20Web%20Technologies%20&amp;%20Standards/Inclass%20activity/20181022/DerbyWeb/web/index.jsp</file>
            <file>file:/Users/joyce00/Documents/MSIS/Fall%202018/INFSCI%202560%20Web%20Technologies%20&amp;%20Standards/Inclass%20activity/20181022/DerbyWeb/src/java/lynn/Login.java</file>
        </group>
    </open-files>
</project-private>
